Workbook

Sheet Assumptions
A1: PSP Property Management - Cost Model Assumptions
A3: TICKET VOLUME
A4: Tickets/week - Year 1 (beta + rollout) | B4: 30 | C4: Ramp from 1 store to 84
A5: Tickets/week - Year 2 (full 84 stores) | B5: 60 | C5: All stores active
A6: Tickets/week - Year 3 (100+ stores, new clients) | B6: 100 | C6: Growth from new clients
A7: Photos per ticket (avg) | B7: 2 | C7: Compressed to ~350KB
A8: Compressed photo size (KB) | B8: 350 | C8: After auto-compression
A10: AI USAGE PER TICKET
A11: Warranty lookup input tokens | B11: 2000 | C11: Claude Sonnet
A12: Warranty lookup output tokens | B12: 500
A13: Cost estimation input tokens | B13: 500 | C13: Claude Sonnet
A14: Cost estimation output tokens | B14: 200
A15: Tavily searches per ticket | B15: 3 | C15: Advanced = 2 credits each
A16: Tavily credits per ticket | B16: 6 | C16: 3 x 2 credits
A18: SERVICE PRICING
A19: Claude Sonnet input ($/M tokens) | B19: 3 | C19: anthropic.com/pricing
A20: Claude Sonnet output ($/M tokens) | B20: 15
A21: Tavily free credits/month | B21: 1000 | C21: tavily.com/pricing
A22: Tavily paid plan ($/month) | B22: 30 | C22: 10K credits
A23: Supabase Pro ($/month) | B23: 25 | C23: supabase.com/pricing
A24: Supabase storage overage ($/GB) | B24: 0.021
A25: Streamlit Cloud ($/month) | B25: 0 | C25: Free tier
A26: GitHub ($/month) | B26: 0 | C26: Free private repos
A28: VALUE ASSUMPTIONS
A29: Property manager salary | B29: 65000
A30: Time savings from app | B30: 0.5 | C30: 50% of PM time freed up
A31: Annual value of time saved | B31: =B29*B30

Sheet Monthly Projections
A1: Month | B1: Year | C1: Tickets/Wk | D1: Tickets/Mo | E1: Photos/Mo | F1: Storage Added (GB) | G1: Cumul Storage (GB) | H1: Claude Input Tok | I1: Claude Output Tok | J1: Claude Cost | K1: Tavily Credits | L1: Tavily Cost | M1: Supabase Cost | N1: Streamlit | O1: GitHub | P1: TOTAL MONTHLY | Q1: CUMULATIVE
A2: 1 | B2: 1 | C2: 30 | D2: =C2*4.33 | E2: =D2*2 | F2: =E2*350/1024/1024 | G2: =F2 | H2: =D2*(2000+500) | I2: =D2*(500+200) | J2: =(H2/1000000*3)+(I2/1000000*15) | K2: =D2*6 | L2: =IF(K2<=1000,0,30) | M2: =IF(G2<1,0,25) | N2: 0 | O2: 0 | P2: =J2+L2+M2+N2+O2 | Q2: =P2
A3: 2 | B3: 1 | C3: 30 | D3: =C3*4.33 | E3: =D3*2 | F3: =E3*350/1024/1024 | G3: =G2+F3 | H3: =D3*(2000+500) | I3: =D3*(500+200) | J3: =(H3/1000000*3)+(I3/1000000*15) | K3: =D3*6 | L3: =IF(K3<=1000,0,30) | M3: =IF(G3<1,0,25) | N3: 0 | O3: 0 | P3: =J3+L3+M3+N3+O3 | Q3: =Q2+P3
A4: 3 | B4: 1 | C4: 30 | D4: =C4*4.33 | E4: =D4*2 | F4: =E4*350/1024/1024 | G4: =G3+F4 | H4: =D4*(2000+500) | I4: =D4*(500+200) | J4: =(H4/1000000*3)+(I4/1000000*15) | K4: =D4*6 | L4: =IF(K4<=1000,0,30) | M4: =IF(G4<1,0,25) | N4: 0 | O4: 0 | P4: =J4+L4+M4+N4+O4 | Q4: =Q3+P4
A5: 4 | B5: 1 | C5: 30 | D5: =C5*4.33 | E5: =D5*2 | F5: =E5*350/1024/1024 | G5: =G4+F5 | H5: =D5*(2000+500) | I5: =D5*(500+200) | J5: =(H5/1000000*3)+(I5/1000000*15) | K5: =D5*6 | L5: =IF(K5<=1000,0,30) | M5: =IF(G5<1,0,25) | N5: 0 | O5: 0 | P5: =J5+L5+M5+N5+O5 | Q5: =Q4+P5
A6: 5 | B6: 1 | C6: 30 | D6: =C6*4.33 | E6: =D6*2 | F6: =E6*350/1024/1024 | G6: =G5+F6 | H6: =D6*(2000+500) | I6: =D6*(500+200) | J6: =(H6/1000000*3)+(I6/1000000*15) | K6: =D6*6 | L6: =IF(K6<=1000,0,30) | M6: =IF(G6<1,0,25) | N6: 0 | O6: 0 | P6: =J6+L6+M6+N6+O6 | Q6: =Q5+P6
A7: 6 | B7: 1 | C7: 30 | D7: =C7*4.33 | E7: =D7*2 | F7: =E7*350/1024/1024 | G7: =G6+F7 | H7: =D7*(2000+500) | I7: =D7*(500+200) | J7: =(H7/1000000*3)+(I7/1000000*15) | K7: =D7*6 | L7: =IF(K7<=1000,0,30) | M7: =IF(G7<1,0,25) | N7: 0 | O7: 0 | P7: =J7+L7+M7+N7+O7 | Q7: =Q6+P7
A8: 7 | B8: 1 | C8: 30 | D8: =C8*4.33 | E8: =D8*2 | F8: =E8*350/1024/1024 | G8: =G7+F8 | H8: =D8*(2000+500) | I8: =D8*(500+200) | J8: =(H8/1000000*3)+(I8/1000000*15) | K8: =D8*6 | L8: =IF(K8<=1000,0,30) | M8: =IF(G8<1,0,25) | N8: 0 | O8: 0 | P8: =J8+L8+M8+N8+O8 | Q8: =Q7+P8
A9: 8 | B9: 1 | C9: 30 | D9: =C9*4.33 | E9: =D9*2 | F9: =E9*350/1024/1024 | G9: =G8+F9 | H9: =D9*(2000+500) | I9: =D9*(500+200) | J9: =(H9/1000000*3)+(I9/1000000*15) | K9: =D9*6 | L9: =IF(K9<=1000,0,30) | M9: =IF(G9<1,0,25) | N9: 0 | O9: 0 | P9: =J9+L9+M9+N9+O9 | Q9: =Q8+P9
A10: 9 | B10: 1 | C10: 30 | D10: =C10*4.33 | E10: =D10*2 | F10: =E10*350/1024/1024 | G10: =G9+F10 | H10: =D10*(2000+500) | I10: =D10*(500+200) | J10: =(H10/1000000*3)+(I10/1000000*15) | K10: =D10*6 | L10: =IF(K10<=1000,0,30) | M10: =IF(G10<1,0,25) | N10: 0 | O10: 0 | P10: =J10+L10+M10+N10+O10 | Q10: =Q9+P10
A11: 10 | B11: 1 | C11: 30 | D11: =C11*4.33 | E11: =D11*2 | F11: =E11*350/1024/1024 | G11: =G10+F11 | H11: =D11*(2000+500) | I11: =D11*(500+200) | J11: =(H11/1000000*3)+(I11/1000000*15) | K11: =D11*6 | L11: =IF(K11<=1000,0,30) | M11: =IF(G11<1,0,25) | N11: 0 | O11: 0 | P11: =J11+L11+M11+N11+O11 | Q11: =Q10+P11
A12: 11 | B12: 1 | C12: 30 | D12: =C12*4.33 | E12: =D12*2 | F12: =E12*350/1024/1024 | G12: =G11+F12 | H12: =D12*(2000+500) | I12: =D12*(500+200) | J12: =(H12/1000000*3)+(I12/1000000*15) | K12: =D12*6 | L12: =IF(K12<=1000,0,30) | M12: =IF(G12<1,0,25) | N12: 0 | O12: 0 | P12: =J12+L12+M12+N12+O12 | Q12: =Q11+P12
A13: 12 | B13: 1 | C13: 30 | D13: =C13*4.33 | E13: =D13*2 | F13: =E13*350/1024/1024 | G13: =G12+F13 | H13: =D13*(2000+500) | I13: =D13*(500+200) | J13: =(H13/1000000*3)+(I13/1000000*15) | K13: =D13*6 | L13: =IF(K13<=1000,0,30) | M13: =IF(G13<1,0,25) | N13: 0 | O13: 0 | P13: =J13+L13+M13+N13+O13 | Q13: =Q12+P13
A14: 13 | B14: 2 | C14: 60 | D14: =C14*4.33 | E14: =D14*2 | F14: =E14*350/1024/1024 | G14: =G13+F14 | H14: =D14*(2000+500) | I14: =D14*(500+200) | J14: =(H14/1000000*3)+(I14/1000000*15) | K14: =D14*6 | L14: =IF(K14<=1000,0,30) | M14: =IF(G14<1,0,25) | N14: 0 | O14: 0 | P14: =J14+L14+M14+N14+O14 | Q14: =Q13+P14
... A37: 36 | B37: 3 | C37: 100 | D37: =C37*4.33 | E37: =D37*2 | F37: =E37*350/1024/1024 | G37: =G36+F37 | H37: =D37*(2000+500) | I37: =D37*(500+200) | J37: =(H37/1000000*3)+(I37/1000000*15) | K37: =D37*6 | L37: =IF(K37<=1000,0,30) | M37: =IF(G37<1,0,25) | N37: 0 | O37: 0 | P37: =J37+L37+M37+N37+O37 | Q37: =Q36+P37

Sheet Annual Summary
A1: PSP Property Management - Annual Cost Summary
A3: Service | B3: Year 1 | C3: Year 2 | D3: Year 3 | E3: 3-Year Total | F3: % of Total
A4: Claude API | B4: =SUM('Monthly Projections'!J2:J13) | C4: =SUM('Monthly Projections'!J14:J25) | D4: =SUM('Monthly Projections'!J26:J37) | E4: =SUM(B4:D4) | F4: =IF(E9=0,0,E4/E9)
A5: Tavily | B5: =SUM('Monthly Projections'!L2:L13) | C5: =SUM('Monthly Projections'!L14:L25) | D5: =SUM('Monthly Projections'!L26:L37) | E5: =SUM(B5:D5) | F5: =IF(E9=0,0,E5/E9)
A6: Supabase | B6: =SUM('Monthly Projections'!M2:M13) | C6: =SUM('Monthly Projections'!M14:M25) | D6: =SUM('Monthly Projections'!M26:M37) | E6: =SUM(B6:D6) | F6: =IF(E9=0,0,E6/E9)
A7: Streamlit Cloud | B7: =SUM('Monthly Projections'!N2:N13) | C7: =SUM('Monthly Projections'!N14:N25) | D7: =SUM('Monthly Projections'!N26:N37) | E7: =SUM(B7:D7) | F7: =IF(E9=0,0,E7/E9)
A8: GitHub | B8: =SUM('Monthly Projections'!O2:O13) | C8: =SUM('Monthly Projections'!O14:O25) | D8: =SUM('Monthly Projections'!O26:O37) | E8: =SUM(B8:D8) | F8: =IF(E9=0,0,E8/E9)
A9: TOTAL | B9: =SUM(B4:B8) | C9: =SUM(C4:C8) | D9: =SUM(D4:D8) | E9: =SUM(E4:E8) | F9: 1
A11: Avg Monthly Cost - Year 1 | B11: =B9/12
A12: Avg Monthly Cost - Year 2 | B12: =C9/12
A13: Avg Monthly Cost - Year 3 | B13: =D9/12
A14: Cost per Ticket - Year 1 | B14: =IF(Assumptions!B4*52=0,0,B9/(Assumptions!B4*52))
A15: Cost per Ticket - Year 2 | B15: =IF(Assumptions!B5*52=0,0,C9/(Assumptions!B5*52))
A16: Cost per Ticket - Year 3 | B16: =IF(Assumptions!B6*52=0,0,D9/(Assumptions!B6*52))

Sheet Break-Even Analysis
A1: PSP Property Management - Break-Even & ROI
A3: COSTS WITHOUT THE APP
B4: Year 1 | C4: Year 2 | D4: Year 3
A5: Property Manager salary | B5: 65000 | C5: 67000 | D5: 69000
A6: Missed warranty claims (est.) | B6: 5000 | C6: 15000 | D6: 25000
A7: Inefficient contractor selection (est.) | B7: 3000 | C7: 10000 | D7: 15000
A8: Total Hidden Costs | B8: =SUM(B5:B7) | C8: =SUM(C5:C7) | D8: =SUM(D5:D7)
A10: APP INFRASTRUCTURE COST
A11: Annual app cost | B11: ='Annual Summary'!B9 | C11: ='Annual Summary'!C9 | D11: ='Annual Summary'!D9
A13: SAVINGS WITH THE APP
B14: Year 1 | C14: Year 2 | D14: Year 3
A15: PM Time Saved (50%) | B15: =B5*0.5 | C15: =C5*0.5 | D15: =D5*0.5
A16: Warranty Claims Caught | B16: =B6 | C16: =C6 | D16: =D6
A17: Contractor Optimization | B17: =B7 | C17: =C7 | D17: =D7
A18: Total Savings | B18: =SUM(B15:B17) | C18: =SUM(C15:C17) | D18: =SUM(D15:D17)
A19: Less: App Cost | B19: =-B11 | C19: =-C11 | D19: =-D11
A20: NET ANNUAL BENEFIT | B20: =B18+B19 | C20: =C18+C19 | D20: =D18+D19
A21: ROI (Savings / Cost) | B21: =IF(B11=0,0,B18/B11) | C21: =IF(C11=0,0,C18/C11) | D21: =IF(D11=0,0,D18/D11)
A23: BOTTOM LINE
A24: Infrastructure costs are minimal (<$1/ticket). The app pays for
A25: itself through warranty catch, contractor optimization, and PM
A26: time savings. ROI improves as ticket volume grows.
